Plush cat Dropped, 9 Remain
Railway Dropped, 9 Remain
Toy Soldiers Dropped, 9 Remain
Railway Dropped, 8 Remain
Plush cat Dropped, 8 Remain
Railway Dropped, 7 Remain
Toy Soldiers Dropped, 8 Remain
Robot Dropped, 9 Remain
Railway Dropped, 6 Remain
Toy Soldiers Dropped, 7 Remain
Railway Dropped, 5 Remain
Plush cat Dropped, 7 Remain
Toy Soldiers Dropped, 6 Remain
Toy Soldiers Dropped, 5 Remain
Plush cat Dropped, 6 Remain
Toy Soldiers Dropped, 4 Remain
Railway Dropped, 4 Remain
Plush cat Dropped, 5 Remain
Robot Dropped, 8 Remain
Plush cat Dropped, 4 Remain
Toy Soldiers Dropped, 3 Remain
Toy Soldiers Dropped, 2 Remain
Robot Dropped, 7 Remain
Plush cat Dropped, 3 Remain
Robot Dropped, 6 Remain
Railway Dropped, 3 Remain
Railway Dropped, 2 Remain
Toy Soldiers Dropped, 1 Remain
Plush cat Dropped, 2 Remain
Toy Soldiers Dropped, 0 Remain
Robot Dropped, 5 Remain
Plush cat Dropped, 1 Remain
Railway Dropped, 1 Remain
Railway Dropped, 0 Remain
Plush cat Dropped, 0 Remain
Robot Dropped, 4 Remain
Robot Dropped, 3 Remain
Robot Dropped, 2 Remain
Robot Dropped, 1 Remain
Tabletop game Dropped, 9 Remain
Tabletop game Dropped, 8 Remain
Tabletop game Dropped, 7 Remain
Robot Dropped, 0 Remain
Tabletop game Dropped, 6 Remain
Tabletop game Dropped, 5 Remain
Tabletop game Dropped, 4 Remain
Tabletop game Dropped, 3 Remain
Tabletop game Dropped, 2 Remain
Tabletop game Dropped, 1 Remain
Tabletop game Dropped, 0 Remain
